SUBJECT_ID,ORIGINAL_FILE,TRIPLET_SET,TEMPLATE_ID,SIGHTING_ID,DET_FACE_X,DET_FACE_Y,DET_FACE_WIDTH,DET_FACE_HEIGHT,QUALITY
28553,img/444916.jpg,REF,260172,122194,2340,225,606,817,100.0
28553,img/450158.jpg,PROBE,260175,127544,422,144,188,247,100.0
28553,img/446310.jpg,PROBE,260173,123611,1060,190,824,1145,96.68903
28553,img/441678.jpg,PROBE,260171,118902,1078,211,807,1004,95.304102
28553,img/451624.jpg,PROBE,260176,129027,322,164,799,1042,90.12252099999999
