SUBJECT_ID,ORIGINAL_FILE,TRIPLET_SET,TEMPLATE_ID,SIGHTING_ID,DET_FACE_X,DET_FACE_Y,DET_FACE_WIDTH,DET_FACE_HEIGHT,QUALITY
27872,img/452017.jpg,PROBE,238095,129427,724,419,534,691,100.0
27872,img/446027.jpg,REF,238092,123321,459,225,394,575,100.0
27872,img/440889.jpg,PROBE,238089,118098,472,238,334,453,100.0
27872,img/442787.jpg,PROBE,238091,120024,365,602,205,300,100.0
27872,img/451760.jpg,PROBE,238094,129166,513,187,579,792,98.257697
27872,img/441504.jpg,PROBE,238090,118723,447,160,266,360,91.997858
