SUBJECT_ID,ORIGINAL_FILE,TRIPLET_SET,TEMPLATE_ID,SIGHTING_ID,DET_FACE_X,DET_FACE_Y,DET_FACE_WIDTH,DET_FACE_HEIGHT,QUALITY
28216,img/442541.jpg,PROBE,249044,119775,699,915,528,711,100.0
28216,img/445240.jpg,REF,249045,122521,132,82,400,560,100.0
28216,img/446850.jpg,PROBE,249046,124163,163,53,252,326,100.0
28216,img/442232.jpg,PROBE,249043,119463,655,494,1433,1988,98.306381
28216,img/447057.jpg,PROBE,249047,124375,130,133,136,167,92.903918
