SUBJECT_ID,ORIGINAL_FILE,TRIPLET_SET,TEMPLATE_ID,SIGHTING_ID,DET_FACE_X,DET_FACE_Y,DET_FACE_WIDTH,DET_FACE_HEIGHT,QUALITY
12639,img/115508.jpg,REF,74711,68189,99,56,184,242,99.002791
12639,img/3620.jpg,PROBE,74710,3576,628,102,698,894,98.796801
12639,img/114772.jpg,PROBE,74714,68566,81,65,433,608,96.409838
12639,img/114725.jpg,PROBE,74717,69296,84,51,168,212,95.060804
