SUBJECT_ID,ORIGINAL_FILE,TRIPLET_SET,TEMPLATE_ID,SIGHTING_ID,DET_FACE_X,DET_FACE_Y,DET_FACE_WIDTH,DET_FACE_HEIGHT,QUALITY
1360,img/2549.jpg,PROBE,50993,6987,126,89,223,297,100.0
1360,img/1967.jpg,PROBE,50987,6980,41,60,174,234,100.0
1360,img/2271.jpg,PROBE,50992,6985,59,43,127,170,100.0
1360,img/1754.jpg,REF,50991,6984,148,28,118,150,100.0
1360,img/1428.jpg,PROBE,50994,6988,109,63,154,181,94.584682
1360,img/5054.jpg,PROBE,50985,6977,209,134,109,135,93.390801
1360,img/3901.jpg,PROBE,50984,6976,244,43,167,234,93.00841
1360,img/990.jpg,PROBE,50986,6979,226,117,115,142,92.71285
