SUBJECT_ID,ORIGINAL_FILE,TRIPLET_SET,TEMPLATE_ID,SIGHTING_ID,DET_FACE_X,DET_FACE_Y,DET_FACE_WIDTH,DET_FACE_HEIGHT,QUALITY
27754,img/448273.jpg,REF,233600,125621,949,353,745,972,97.31669699999999
27754,img/441978.jpg,PROBE,233594,119207,441,430,158,212,96.750095
27754,img/445742.jpg,PROBE,233597,123030,599,379,389,403,94.62309599999999
27754,img/444632.jpg,PROBE,233596,121901,681,786,1447,2057,92.64255
27754,img/440912.jpg,PROBE,233593,118122,348,607,1605,2154,91.23885600000001
