SUBJECT_ID,ORIGINAL_FILE,TRIPLET_SET,TEMPLATE_ID,SIGHTING_ID,DET_FACE_X,DET_FACE_Y,DET_FACE_WIDTH,DET_FACE_HEIGHT,QUALITY
28849,img/445492.jpg,REF,270341,122777,793,488,728,872,100.0
28849,img/450425.jpg,PROBE,270345,127814,1231,163,345,475,100.0
28849,img/443153.jpg,PROBE,270338,120398,631,949,401,525,95.01634200000001
28849,img/443506.jpg,PROBE,270339,120759,1229,877,443,498,94.838363
28849,img/450626.jpg,PROBE,270347,128018,715,1011,397,505,92.570262
28849,img/451266.jpg,PROBE,270348,128665,814,822,597,765,91.995153
