SUBJECT_ID,ORIGINAL_FILE,TRIPLET_SET,TEMPLATE_ID,SIGHTING_ID,DET_FACE_X,DET_FACE_Y,DET_FACE_WIDTH,DET_FACE_HEIGHT,QUALITY
12523,img/112585.jpg,REF,71789,66868,390,160,507,678,100.0
12523,img/113641.jpg,PROBE,71795,67690,132,56,191,283,99.978587
12523,img/113786.jpg,PROBE,71796,67704,475,310,717,1007,95.934004
12523,img/113444.jpg,PROBE,71790,66946,131,63,204,294,94.66747600000001
12523,img/112476.jpg,PROBE,71802,68093,156,271,641,887,92.930054
