SUBJECT_ID,ORIGINAL_FILE,TRIPLET_SET,TEMPLATE_ID,SIGHTING_ID,DET_FACE_X,DET_FACE_Y,DET_FACE_WIDTH,DET_FACE_HEIGHT,QUALITY
13166,img/119326.jpg,REF,83804,73182,164,42,118,149,96.234585
13166,img/118967.jpg,PROBE,83799,72489,105,57,129,154,91.903483
13166,img/119167.jpg,PROBE,83798,72334,160,251,199,232,91.418649
13166,img/118983.jpg,PROBE,83806,73431,2390,744,440,535,90.14878
