SUBJECT_ID,ORIGINAL_FILE,TRIPLET_SET,TEMPLATE_ID,SIGHTING_ID,DET_FACE_X,DET_FACE_Y,DET_FACE_WIDTH,DET_FACE_HEIGHT,QUALITY
13544,img/121274.jpg,REF,91508,76164,509,87,469,623,97.300852
13544,img/1269.jpg,PROBE,91496,4993,2144,328,263,364,94.522161
13544,img/121700.jpg,PROBE,91501,75600,1343,629,1401,1630,92.462244
13544,img/122101.jpg,PROBE,91503,75723,139,93,353,416,92.08018100000001
13544,img/122358.jpg,PROBE,91510,76480,911,40,677,877,92.051964
