SUBJECT_ID,ORIGINAL_FILE,TRIPLET_SET,TEMPLATE_ID,SIGHTING_ID,DET_FACE_X,DET_FACE_Y,DET_FACE_WIDTH,DET_FACE_HEIGHT,QUALITY
3586,img/78149.jpg,REF,65412,38021,71,51,221,267,96.95411800000001
3586,img/78152.jpg,PROBE,65415,38027,695,1072,834,983,96.710615
3586,img/78150.jpg,PROBE,65413,38025,40,42,185,215,92.31015500000001
3586,img/78143.png,PROBE,65409,38015,1645,219,635,888,92.236729
3586,img/78138.jpg,PROBE,65408,38011,1722,500,174,233,91.964097
