SUBJECT_ID,ORIGINAL_FILE,TRIPLET_SET,TEMPLATE_ID,SIGHTING_ID,DET_FACE_X,DET_FACE_Y,DET_FACE_WIDTH,DET_FACE_HEIGHT,QUALITY
2476,img/51763.jpg,PROBE,61319,33488,261,181,580,739,100.0
2476,img/51398.jpg,REF,61316,33475,190,286,1243,1548,99.687384
2476,img/51768.jpg,PROBE,61323,33494,520,93,145,187,97.570101
2476,img/51762.jpg,PROBE,61318,33487,266,371,788,1021,95.004576
2476,img/51767.jpg,PROBE,61322,33493,788,33,306,380,94.526763
2476,img/51764.jpg,PROBE,61320,33490,545,47,272,339,94.156363
2476,img/61035.jpg,PROBE,61325,34727,305,223,813,1056,91.800528
