SUBJECT_ID,ORIGINAL_FILE,TRIPLET_SET,TEMPLATE_ID,SIGHTING_ID,DET_FACE_X,DET_FACE_Y,DET_FACE_WIDTH,DET_FACE_HEIGHT,QUALITY
1244,img/34670.jpg,REF,48459,31600,973,236,498,567,96.908139
1244,img/34600.jpg,PROBE,48458,31596,1230,550,282,362,94.836169
1244,img/34672.jpg,PROBE,48461,31602,1249,1918,803,1054,94.21954000000001
1244,img/34674.jpg,PROBE,48462,31604,735,109,490,624,93.719497
1244,img/4872.jpg,PROBE,48455,6291,1509,741,316,412,92.835494
