SUBJECT_ID,ORIGINAL_FILE,TRIPLET_SET,TEMPLATE_ID,SIGHTING_ID,DET_FACE_X,DET_FACE_Y,DET_FACE_WIDTH,DET_FACE_HEIGHT,QUALITY
28006,img/449681.jpg,REF,242324,127056,996,309,804,1057,100.0
28006,img/443585.jpg,PROBE,242317,120839,2777,501,341,478,99.35143199999999
28006,img/445799.jpg,PROBE,242319,123090,642,173,477,583,98.635743
28006,img/441091.jpg,PROBE,242311,118301,2855,679,311,392,94.850826
