SUBJECT_ID,ORIGINAL_FILE,TRIPLET_SET,TEMPLATE_ID,SIGHTING_ID,DET_FACE_X,DET_FACE_Y,DET_FACE_WIDTH,DET_FACE_HEIGHT,QUALITY
637,img/46339.jpg,PROBE,43620,33296,628,515,948,1160,100.0
637,img/4751.jpg,PROBE,43615,5354,915,519,488,680,100.0
637,img/46345.jpg,REF,43626,33302,135,107,250,323,100.0
637,img/46347.jpg,PROBE,43628,33304,163,34,158,203,100.0
637,img/46348.jpg,PROBE,43629,33305,668,88,432,510,92.359721
637,img/46340.jpg,PROBE,43621,33297,1306,281,709,697,90.795635
