SUBJECT_ID,ORIGINAL_FILE,TRIPLET_SET,TEMPLATE_ID,SIGHTING_ID,DET_FACE_X,DET_FACE_Y,DET_FACE_WIDTH,DET_FACE_HEIGHT,QUALITY
320,img/4302.jpg,REF,37742,11288,422,83,309,420,100.0
320,img/2647.jpg,PROBE,37725,2076,2369,295,244,329,100.0
320,img/78593.jpg,PROBE,37748,38100,340,96,211,274,96.586393
320,img/2779.jpg,PROBE,37734,3132,1019,181,155,199,93.12017800000001
