SUBJECT_ID,ORIGINAL_FILE,TRIPLET_SET,TEMPLATE_ID,SIGHTING_ID,DET_FACE_X,DET_FACE_Y,DET_FACE_WIDTH,DET_FACE_HEIGHT,QUALITY
28421,img/442877.jpg,REF,255872,120114,1129,282,719,914,100.0
28421,img/450480.jpg,PROBE,255875,127869,209,179,373,481,100.0
28421,img/449545.jpg,PROBE,255874,126918,359,263,1282,1559,96.31271600000001
28421,img/443841.jpg,PROBE,255873,121098,712,719,2251,2581,92.732539
