SUBJECT_ID,ORIGINAL_FILE,TRIPLET_SET,TEMPLATE_ID,SIGHTING_ID,DET_FACE_X,DET_FACE_Y,DET_FACE_WIDTH,DET_FACE_HEIGHT,QUALITY
28383,img/441302.jpg,REF,254518,118515,1283,272,1251,1769,100.0
28383,img/446690.jpg,PROBE,254525,124000,1243,115,1297,1808,98.389677
28383,img/443288.jpg,PROBE,254521,120534,1156,118,1366,1628,98.365786
28383,img/445451.jpg,PROBE,254523,122736,1469,270,1102,1562,92.19977
