SUBJECT_ID,ORIGINAL_FILE,TRIPLET_SET,TEMPLATE_ID,SIGHTING_ID,DET_FACE_X,DET_FACE_Y,DET_FACE_WIDTH,DET_FACE_HEIGHT,QUALITY
28734,img/443669.jpg,PROBE,265990,120924,352,379,858,1077,100.0
28734,img/448982.jpg,REF,265994,126345,987,280,878,1102,99.125424
28734,img/444032.jpg,PROBE,265991,121292,1532,287,1549,2069,98.63701400000001
28734,img/444882.jpg,PROBE,265992,122159,993,273,867,1127,95.729694
28734,img/449353.jpg,PROBE,265995,126722,916,323,923,1069,95.432321
28734,img/440395.jpg,PROBE,265987,117593,703,275,848,1058,95.067835
