SUBJECT_ID,ORIGINAL_FILE,TRIPLET_SET,TEMPLATE_ID,SIGHTING_ID,DET_FACE_X,DET_FACE_Y,DET_FACE_WIDTH,DET_FACE_HEIGHT,QUALITY
13989,img/124407.jpg,PROBE,95787,78230,379,165,519,652,100.0
13989,img/124878.jpg,REF,95792,79337,493,454,788,956,95.278263
13989,img/124193.jpg,PROBE,95793,79364,948,383,722,874,93.38075699999999
13989,img/124223.jpg,PROBE,95786,78219,1097,350,690,842,92.595516
13989,img/124515.jpg,PROBE,95788,78376,90,81,154,184,90.61122900000001
