SUBJECT_ID,ORIGINAL_FILE,TRIPLET_SET,TEMPLATE_ID,SIGHTING_ID,DET_FACE_X,DET_FACE_Y,DET_FACE_WIDTH,DET_FACE_HEIGHT,QUALITY
28929,img/451044.jpg,PROBE,273026,128438,371,45,159,208,100.0
28929,img/441445.jpg,REF,273020,118664,101,57,165,198,99.00549699999999
28929,img/442402.jpg,PROBE,273021,119635,206,86,166,204,95.725041
28929,img/444391.jpg,PROBE,273023,121657,215,243,163,213,91.43778499999999
28929,img/447994.jpg,PROBE,273024,125332,274,80,200,292,91.089913
