SUBJECT_ID,ORIGINAL_FILE,TRIPLET_SET,TEMPLATE_ID,SIGHTING_ID,DET_FACE_X,DET_FACE_Y,DET_FACE_WIDTH,DET_FACE_HEIGHT,QUALITY
27525,img/442704.jpg,REF,226159,119940,1786,359,413,571,100.0
27525,img/450947.jpg,PROBE,226167,128341,110,53,144,194,100.0
27525,img/444964.jpg,PROBE,226164,122243,554,357,129,159,98.828799
27525,img/442296.jpg,PROBE,226158,119527,1787,578,235,325,94.716734
27525,img/449450.jpg,PROBE,226166,126821,3776,880,185,235,92.437226
27525,img/443107.jpg,PROBE,226160,120352,2149,534,294,375,92.13270899999999
