SUBJECT_ID,ORIGINAL_FILE,TRIPLET_SET,TEMPLATE_ID,SIGHTING_ID,DET_FACE_X,DET_FACE_Y,DET_FACE_WIDTH,DET_FACE_HEIGHT,QUALITY
27898,img/442647.jpg,REF,238920,119882,788,736,255,343,96.074009
27898,img/446290.jpg,PROBE,238921,123591,1213,546,351,441,94.657821
27898,img/448320.jpg,PROBE,238922,125668,803,864,759,880,93.716319
27898,img/441083.jpg,PROBE,238919,118293,3370,1198,339,460,92.42318399999999
27898,img/448931.jpg,PROBE,238923,126292,2082,622,218,231,92.04164300000001
