SUBJECT_ID,ORIGINAL_FILE,TRIPLET_SET,TEMPLATE_ID,SIGHTING_ID,DET_FACE_X,DET_FACE_Y,DET_FACE_WIDTH,DET_FACE_HEIGHT,QUALITY
13265,img/2987.jpg,REF,85548,5463,112,149,344,406,100.0
13265,img/871.jpg,PROBE,85544,5457,599,255,472,584,98.360016
13265,img/2053.jpg,PROBE,85546,5460,1555,333,368,438,95.23676400000001
13265,img/526.jpg,PROBE,85545,5459,1851,979,206,287,94.429651
13265,img/5107.jpg,PROBE,85558,5482,884,787,367,469,92.057243
