SUBJECT_ID,ORIGINAL_FILE,TRIPLET_SET,TEMPLATE_ID,SIGHTING_ID,DET_FACE_X,DET_FACE_Y,DET_FACE_WIDTH,DET_FACE_HEIGHT,QUALITY
12597,img/113101.jpg,REF,73065,66926,263,238,199,243,100.0
12597,img/112503.jpg,PROBE,73069,67217,96,71,198,265,100.0
12597,img/603.jpg,PROBE,73055,7077,103,51,118,121,98.276238
12597,img/107350.jpg,PROBE,73068,67140,241,44,127,174,93.016189
12597,img/112949.jpg,PROBE,73066,67027,155,135,286,350,92.037615
12597,img/3979.jpg,PROBE,73045,7051,333,83,133,188,90.031487
