SUBJECT_ID,ORIGINAL_FILE,TRIPLET_SET,TEMPLATE_ID,SIGHTING_ID,DET_FACE_X,DET_FACE_Y,DET_FACE_WIDTH,DET_FACE_HEIGHT,QUALITY
27563,img/445086.jpg,REF,227358,122366,1834,2896,614,752,100.0
27563,img/449591.jpg,PROBE,227361,126964,1610,2652,605,779,100.0
27563,img/440734.jpg,PROBE,227356,117941,1587,2691,604,723,100.0
27563,img/445103.jpg,PROBE,227359,122383,1547,1835,793,896,97.497065
27563,img/446581.jpg,PROBE,227360,123887,1250,299,147,191,91.270034
