SUBJECT_ID,ORIGINAL_FILE,TRIPLET_SET,TEMPLATE_ID,SIGHTING_ID,DET_FACE_X,DET_FACE_Y,DET_FACE_WIDTH,DET_FACE_HEIGHT,QUALITY
2477,img/52551.jpg,REF,61482,33506,403,145,295,401,100.0
2477,img/51770.jpg,PROBE,61477,33496,798,63,266,364,100.0
2477,img/51781.jpg,PROBE,61481,33503,110,111,674,849,95.554369
2477,img/51771.jpg,PROBE,61478,33499,386,96,186,267,92.056628
2477,img/51780.jpg,PROBE,61480,33502,144,107,724,1012,92.015385
2477,img/51772.jpg,PROBE,61479,33500,388,89,238,357,91.356313
