SUBJECT_ID,ORIGINAL_FILE,TRIPLET_SET,TEMPLATE_ID,SIGHTING_ID,DET_FACE_X,DET_FACE_Y,DET_FACE_WIDTH,DET_FACE_HEIGHT,QUALITY
1379,img/39221.jpg,PROBE,51045,32160,199,100,166,223,100.0
1379,img/39220.jpg,PROBE,51044,32159,225,110,159,211,100.0
1379,img/114126.jpg,PROBE,51052,66718,199,100,165,222,99.423259
1379,img/39217.jpg,PROBE,51041,32156,223,23,145,196,98.78322
1379,img/113752.jpg,REF,51054,67402,101,33,202,273,96.329422
1379,img/39215.jpg,PROBE,51039,32154,105,17,137,173,95.981622
