SUBJECT_ID,ORIGINAL_FILE,TRIPLET_SET,TEMPLATE_ID,SIGHTING_ID,DET_FACE_X,DET_FACE_Y,DET_FACE_WIDTH,DET_FACE_HEIGHT,QUALITY
570,img/1676.jpg,REF,42682,7321,920,832,446,565,100.0
570,img/42239.jpg,PROBE,42686,32510,176,36,408,523,100.0
570,img/42264.jpg,PROBE,42689,32517,156,77,445,576,98.51978199999999
570,img/1270.jpg,PROBE,42681,4530,2557,277,433,579,95.295513
570,img/3920.jpg,PROBE,42683,7329,1445,828,238,320,90.190884
