SUBJECT_ID,ORIGINAL_FILE,TRIPLET_SET,TEMPLATE_ID,SIGHTING_ID,DET_FACE_X,DET_FACE_Y,DET_FACE_WIDTH,DET_FACE_HEIGHT,QUALITY
785,img/46391.jpg,REF,45572,33361,1302,393,570,716,100.0
785,img/4155.jpg,PROBE,45573,34561,1287,449,361,459,100.0
785,img/46387.jpg,PROBE,45569,33352,605,192,520,662,97.765412
785,img/46386.jpg,PROBE,45568,33351,1098,320,164,202,94.639772
785,img/3317.jpg,PROBE,45560,4456,934,436,275,355,94.593845
785,img/473.jpg,PROBE,45559,4454,354,152,298,363,93.933687
785,img/46392.jpg,PROBE,45571,33357,466,222,646,825,90.097124
