SUBJECT_ID,ORIGINAL_FILE,TRIPLET_SET,TEMPLATE_ID,SIGHTING_ID,DET_FACE_X,DET_FACE_Y,DET_FACE_WIDTH,DET_FACE_HEIGHT,QUALITY
741,img/57336.jpg,PROBE,44111,33929,770,244,1015,1428,100.0
741,img/57330.jpg,PROBE,44108,33923,443,266,385,461,100.0
741,img/4087.jpg,REF,44103,8130,626,643,316,445,100.0
741,img/57332.jpg,PROBE,44109,33925,521,387,434,614,99.15034
741,img/57329.jpg,PROBE,44107,33922,185,50,216,293,96.61086800000001
