SUBJECT_ID,ORIGINAL_FILE,TRIPLET_SET,TEMPLATE_ID,SIGHTING_ID,DET_FACE_X,DET_FACE_Y,DET_FACE_WIDTH,DET_FACE_HEIGHT,QUALITY
13373,img/120290.jpg,PROBE,88249,73768,1200,169,1262,1734,100.0
13373,img/120821.jpg,PROBE,88247,73729,1585,716,372,505,100.0
13373,img/120785.jpg,REF,88250,73944,463,207,245,334,99.101
13373,img/119973.jpg,PROBE,88253,74520,1266,83,2313,2606,98.845444
13373,img/119793.jpg,PROBE,88251,74116,232,109,906,1251,98.797784
13373,img/120506.jpg,PROBE,88257,74962,1377,226,2207,3053,93.173106
13373,img/120680.jpg,PROBE,88256,74867,1723,214,781,971,90.899891
