SUBJECT_ID,ORIGINAL_FILE,TRIPLET_SET,TEMPLATE_ID,SIGHTING_ID,DET_FACE_X,DET_FACE_Y,DET_FACE_WIDTH,DET_FACE_HEIGHT,QUALITY
12676,img/115226.jpg,REF,75366,69189,630,312,562,737,100.0
12676,img/114838.jpg,PROBE,75361,68756,167,95,449,584,100.0
12676,img/114774.jpg,PROBE,75362,68796,629,525,297,380,100.0
12676,img/114373.jpg,PROBE,75363,68926,118,96,332,447,98.133475
12676,img/115350.jpg,PROBE,75356,68391,207,69,175,223,93.017696
12676,img/115366.jpg,PROBE,75355,68276,232,108,116,150,92.639814
12676,img/114726.jpg,PROBE,75368,69262,284,96,381,520,92.028545
12676,img/114482.jpg,PROBE,75360,68666,111,112,481,607,90.70572800000001
