SUBJECT_ID,ORIGINAL_FILE,TRIPLET_SET,TEMPLATE_ID,SIGHTING_ID,DET_FACE_X,DET_FACE_Y,DET_FACE_WIDTH,DET_FACE_HEIGHT,QUALITY
27756,img/445974.jpg,REF,233664,123268,927,619,1106,1465,100.0
27756,img/440663.jpg,PROBE,233658,117868,1435,275,868,1181,100.0
27756,img/445428.jpg,PROBE,233662,122712,428,296,554,730,100.0
27756,img/447170.jpg,PROBE,233665,124489,150,108,407,563,100.0
27756,img/444754.jpg,PROBE,233660,122025,723,207,445,578,98.998189
27756,img/445364.jpg,PROBE,233661,122647,1015,331,345,435,97.37834699999999
