SUBJECT_ID,ORIGINAL_FILE,TRIPLET_SET,TEMPLATE_ID,SIGHTING_ID,DET_FACE_X,DET_FACE_Y,DET_FACE_WIDTH,DET_FACE_HEIGHT,QUALITY
13485,img/37490.jpg,REF,90623,31890,104,86,376,557,100.0
13485,img/37487.jpg,PROBE,90622,31886,123,113,129,160,98.91393000000001
13485,img/78145.jpg,PROBE,90625,38017,150,196,156,194,98.29194
13485,img/79118.jpg,PROBE,90626,38309,399,184,129,157,96.616792
13485,img/121244.jpg,PROBE,90629,76102,885,335,164,203,94.199974
