SUBJECT_ID,ORIGINAL_FILE,TRIPLET_SET,TEMPLATE_ID,SIGHTING_ID,DET_FACE_X,DET_FACE_Y,DET_FACE_WIDTH,DET_FACE_HEIGHT,QUALITY
27115,img/452125.jpg,PROBE,211105,129537,1353,141,1380,1830,100.0
27115,img/450818.jpg,REF,211102,128212,2696,368,666,881,99.756792
27115,img/447523.jpg,PROBE,211096,124850,921,588,580,731,97.314525
27115,img/443553.jpg,PROBE,211091,120807,2606,1373,418,542,95.599056
27115,img/447925.jpg,PROBE,211097,125261,2504,1174,600,781,95.524513
27115,img/448064.jpg,PROBE,211098,125406,2253,604,1008,1244,92.775904
27115,img/451106.jpg,PROBE,211103,128502,1695,698,1440,1973,91.811844
