SUBJECT_ID,ORIGINAL_FILE,TRIPLET_SET,TEMPLATE_ID,SIGHTING_ID,DET_FACE_X,DET_FACE_Y,DET_FACE_WIDTH,DET_FACE_HEIGHT,QUALITY
362,img/1270.jpg,REF,38482,4528,1484,241,435,590,95.928623
362,img/1518.jpg,PROBE,38481,4522,376,223,454,687,91.70111
362,img/1903.jpg,PROBE,38478,4518,1215,283,543,785,90.83179399999999
362,img/1840.jpg,PROBE,38485,4539,1809,77,395,538,90.281632
362,img/4128.jpg,PROBE,38487,4546,945,236,107,145,90.18561600000001
