SUBJECT_ID,ORIGINAL_FILE,TRIPLET_SET,TEMPLATE_ID,SIGHTING_ID,DET_FACE_X,DET_FACE_Y,DET_FACE_WIDTH,DET_FACE_HEIGHT,QUALITY
28418,img/446965.jpg,REF,255721,124281,82,66,353,482,100.0
28418,img/445303.jpg,PROBE,255719,122585,495,121,101,124,100.0
28418,img/442268.jpg,PROBE,255718,119499,444,107,204,267,96.567422
28418,img/449247.jpg,PROBE,255722,126613,208,230,1155,1478,94.61954
