SUBJECT_ID,ORIGINAL_FILE,TRIPLET_SET,TEMPLATE_ID,SIGHTING_ID,DET_FACE_X,DET_FACE_Y,DET_FACE_WIDTH,DET_FACE_HEIGHT,QUALITY
27949,img/449563.jpg,REF,240682,126936,836,486,1545,2088,98.82244399999999
27949,img/443578.jpg,PROBE,240675,120832,2098,1095,751,1019,95.330586
27949,img/443479.jpg,PROBE,240674,120731,570,456,2045,2531,93.498071
27949,img/445808.jpg,PROBE,240677,123099,517,430,2142,2633,90.930628
