SUBJECT_ID,ORIGINAL_FILE,TRIPLET_SET,TEMPLATE_ID,SIGHTING_ID,DET_FACE_X,DET_FACE_Y,DET_FACE_WIDTH,DET_FACE_HEIGHT,QUALITY
374,img/3418.jpg,PROBE,38975,2198,1310,151,411,548,100.0
374,img/2501.jpg,REF,38967,2184,66,26,189,264,100.0
374,img/2720.jpg,PROBE,38969,2186,195,51,116,160,100.0
374,img/3592.jpg,PROBE,38968,2185,404,83,396,544,99.631638
374,img/1183.jpg,PROBE,38970,2187,1303,217,151,208,96.861526
