SUBJECT_ID,ORIGINAL_FILE,TRIPLET_SET,TEMPLATE_ID,SIGHTING_ID,DET_FACE_X,DET_FACE_Y,DET_FACE_WIDTH,DET_FACE_HEIGHT,QUALITY
2245,img/114539.jpg,REF,57771,68654,1670,658,1216,1586,93.895611
2245,img/115309.jpg,PROBE,57776,69160,375,240,934,1292,91.152106
2245,img/115191.jpg,PROBE,57767,68242,2351,547,1455,1792,90.145193
