SUBJECT_ID,ORIGINAL_FILE,TRIPLET_SET,TEMPLATE_ID,SIGHTING_ID,DET_FACE_X,DET_FACE_Y,DET_FACE_WIDTH,DET_FACE_HEIGHT,QUALITY
13494,img/122212.jpg,REF,90684,75763,386,158,550,737,98.930595
13494,img/122281.jpg,PROBE,90693,76315,726,186,639,849,96.56169200000001
13494,img/122077.jpg,PROBE,90679,75453,620,461,1030,1468,95.55597900000001
13494,img/121663.jpg,PROBE,90692,76301,585,276,751,1025,95.148917
13494,img/121295.jpg,PROBE,90696,76464,473,243,651,932,93.13024300000001
13494,img/122115.jpg,PROBE,90685,75805,960,446,822,1201,90.75225999999999
