SUBJECT_ID,ORIGINAL_FILE,TRIPLET_SET,TEMPLATE_ID,SIGHTING_ID,DET_FACE_X,DET_FACE_Y,DET_FACE_WIDTH,DET_FACE_HEIGHT,QUALITY
1287,img/4113.jpg,REF,50179,6911,216,62,153,183,99.154963
1287,img/5069.jpg,PROBE,50175,6902,108,88,195,263,94.72926899999999
1287,img/2409.jpg,PROBE,50189,6932,231,44,201,228,94.553329
1287,img/3156.jpg,PROBE,50205,6964,183,97,253,310,90.676271
1287,img/1508.jpg,PROBE,50192,6935,180,59,129,162,90.37139499999999
