SUBJECT_ID,ORIGINAL_FILE,TRIPLET_SET,TEMPLATE_ID,SIGHTING_ID,DET_FACE_X,DET_FACE_Y,DET_FACE_WIDTH,DET_FACE_HEIGHT,QUALITY
12736,img/115513.jpg,REF,76685,69116,692,251,1063,1430,100.0
12736,img/114283.jpg,PROBE,76681,68607,785,206,740,882,100.0
12736,img/114944.jpg,PROBE,76680,68559,129,87,422,559,100.0
12736,img/114299.jpg,PROBE,76687,69212,537,280,998,1380,98.410627
12736,img/114766.jpg,PROBE,76678,68375,453,299,1152,1328,95.84649499999999
