SUBJECT_ID,ORIGINAL_FILE,TRIPLET_SET,TEMPLATE_ID,SIGHTING_ID,DET_FACE_X,DET_FACE_Y,DET_FACE_WIDTH,DET_FACE_HEIGHT,QUALITY
543,img/5053.jpg,REF,42118,10996,440,131,194,250,100.0
543,img/362.jpg,PROBE,42113,10990,680,227,271,340,96.815527
543,img/2209.jpg,PROBE,42114,10991,188,163,220,270,95.778645
543,img/399.jpg,PROBE,42116,10993,204,38,134,182,90.558435
543,img/5174.jpg,PROBE,42117,10994,836,163,113,138,90.317402
