SUBJECT_ID,ORIGINAL_FILE,TRIPLET_SET,TEMPLATE_ID,SIGHTING_ID,DET_FACE_X,DET_FACE_Y,DET_FACE_WIDTH,DET_FACE_HEIGHT,QUALITY
14120,img/144044.jpg,REF,97779,82394,845,236,845,1098,100.0
14120,img/143649.jpg,PROBE,97771,81991,347,100,583,772,100.0
14120,img/143790.jpg,PROBE,97776,82310,491,197,976,1398,98.938446
14120,img/144093.jpg,PROBE,97769,81598,569,116,620,807,95.500765
14120,img/143971.jpg,PROBE,97774,82272,2466,673,696,920,93.6366
14120,img/143952.jpg,PROBE,97775,82304,1958,358,828,927,93.22917
14120,img/143984.jpg,PROBE,97778,82317,2862,431,829,1059,92.813745
14120,img/144076.jpg,PROBE,97773,82103,209,75,306,401,90.35719
