SUBJECT_ID,ORIGINAL_FILE,TRIPLET_SET,TEMPLATE_ID,SIGHTING_ID,DET_FACE_X,DET_FACE_Y,DET_FACE_WIDTH,DET_FACE_HEIGHT,QUALITY
396,img/4517.jpg,REF,39866,4841,522,32,301,441,100.0
396,img/4200.jpg,PROBE,39872,4854,1145,155,281,341,100.0
396,img/2166.jpg,PROBE,39874,4860,541,115,264,343,100.0
396,img/4183.jpg,PROBE,39877,10912,983,169,230,266,100.0
396,img/2909.jpg,PROBE,39869,4847,1401,192,154,194,100.0
396,img/865.jpg,PROBE,39865,4836,366,136,249,293,98.169748
396,img/3096.jpg,PROBE,39871,4852,731,165,196,254,96.470904
