SUBJECT_ID,ORIGINAL_FILE,TRIPLET_SET,TEMPLATE_ID,SIGHTING_ID,DET_FACE_X,DET_FACE_Y,DET_FACE_WIDTH,DET_FACE_HEIGHT,QUALITY
27521,img/442559.jpg,REF,225896,119793,650,284,1041,1465,100.0
27521,img/448210.jpg,PROBE,225899,125557,1234,251,613,716,100.0
27521,img/450031.jpg,PROBE,225900,127414,485,167,215,279,100.0
27521,img/450944.jpg,PROBE,225901,128338,1295,372,946,1305,98.308093
27521,img/441796.jpg,PROBE,225895,119023,1042,329,255,308,91.14850799999999
