SUBJECT_ID,ORIGINAL_FILE,TRIPLET_SET,TEMPLATE_ID,SIGHTING_ID,DET_FACE_X,DET_FACE_Y,DET_FACE_WIDTH,DET_FACE_HEIGHT,QUALITY
1247,img/70193.jpg,REF,49562,36752,966,112,541,699,100.0
1247,img/70192.jpg,PROBE,49561,36751,34,30,107,137,100.0
1247,img/4872.jpg,PROBE,49559,6321,2927,684,376,472,99.682689
1247,img/70196.jpg,PROBE,49564,36755,552,162,539,713,98.96807700000001
1247,img/70197.jpg,PROBE,49565,36756,206,127,243,270,94.202977
