SUBJECT_ID,ORIGINAL_FILE,TRIPLET_SET,TEMPLATE_ID,SIGHTING_ID,DET_FACE_X,DET_FACE_Y,DET_FACE_WIDTH,DET_FACE_HEIGHT,QUALITY
13038,img/116981.jpg,REF,81937,70885,316,151,878,1105,100.0
13038,img/117557.jpg,PROBE,81936,70777,372,79,256,328,100.0
13038,img/117384.jpg,PROBE,81938,71410,477,56,400,534,99.321217
13038,img/117259.jpg,PROBE,81941,71765,149,50,138,168,93.852389
13038,img/117786.jpg,PROBE,81940,71552,1812,276,1205,1699,93.702462
13038,img/117828.jpg,PROBE,81943,72162,414,59,239,230,91.282661
