SUBJECT_ID,ORIGINAL_FILE,TRIPLET_SET,TEMPLATE_ID,SIGHTING_ID,DET_FACE_X,DET_FACE_Y,DET_FACE_WIDTH,DET_FACE_HEIGHT,QUALITY
28934,img/443056.jpg,REF,273172,120299,577,455,840,1135,100.0
28934,img/442529.jpg,PROBE,273171,119763,312,32,166,232,100.0
28934,img/452421.jpg,PROBE,273176,129837,174,26,164,219,100.0
28934,img/447049.jpg,PROBE,273173,124367,177,65,160,208,99.145585
28934,img/441825.jpg,PROBE,273170,119054,505,185,133,158,96.67490600000001
