SUBJECT_ID,ORIGINAL_FILE,TRIPLET_SET,TEMPLATE_ID,SIGHTING_ID,DET_FACE_X,DET_FACE_Y,DET_FACE_WIDTH,DET_FACE_HEIGHT,QUALITY
27597,img/445849.jpg,PROBE,228430,123142,1462,360,555,735,100.0
27597,img/450308.jpg,REF,228433,127697,1604,293,433,611,100.0
27597,img/446746.jpg,PROBE,228431,124057,1144,265,405,563,98.434405
27597,img/440435.jpg,PROBE,228429,117635,1590,312,1835,2583,93.501637
