SUBJECT_ID,ORIGINAL_FILE,TRIPLET_SET,TEMPLATE_ID,SIGHTING_ID,DET_FACE_X,DET_FACE_Y,DET_FACE_WIDTH,DET_FACE_HEIGHT,QUALITY
27812,img/450554.jpg,REF,236044,127944,867,342,1556,2038,100.0
27812,img/440408.jpg,PROBE,236037,117608,996,428,1269,1641,100.0
27812,img/447232.jpg,PROBE,236041,124552,3147,725,353,463,97.804237
27812,img/451360.jpg,PROBE,236045,128761,1314,764,172,252,94.571214
27812,img/441173.jpg,PROBE,236039,118384,157,83,248,315,93.236641
