SUBJECT_ID,ORIGINAL_FILE,TRIPLET_SET,TEMPLATE_ID,SIGHTING_ID,DET_FACE_X,DET_FACE_Y,DET_FACE_WIDTH,DET_FACE_HEIGHT,QUALITY
13246,img/118944.jpg,REF,85322,73145,1209,837,1432,1854,100.0
13246,img/119155.jpg,PROBE,85323,73280,2166,137,1362,1688,100.0
13246,img/119278.jpg,PROBE,85313,72626,268,250,1000,1186,100.0
13246,img/119075.jpg,PROBE,85316,72752,907,118,1566,2041,97.25259799999999
13246,img/119425.jpg,PROBE,85325,73504,1934,297,973,1155,93.987045
13246,img/119484.jpg,PROBE,85311,72435,1331,221,1055,1274,93.128429
13246,img/118321.jpg,PROBE,85315,72725,2022,83,938,1306,90.89058399999999
