SUBJECT_ID,ORIGINAL_FILE,TRIPLET_SET,TEMPLATE_ID,SIGHTING_ID,DET_FACE_X,DET_FACE_Y,DET_FACE_WIDTH,DET_FACE_HEIGHT,QUALITY
12498,img/114034.jpg,REF,71544,66312,313,110,294,374,100.0
12498,img/113289.jpg,PROBE,71546,66732,965,356,281,361,95.370599
12498,img/114813.jpg,PROBE,71550,68414,1066,273,514,654,93.50955
12498,img/359.jpg,PROBE,71543,11254,175,33,224,325,92.451821
12498,img/449805.jpg,PROBE,204957,127184,761,598,267,328,92.41379599999999
12498,img/1475.jpg,PROBE,71542,516,1368,193,375,484,90.12674399999999
