SUBJECT_ID,ORIGINAL_FILE,TRIPLET_SET,TEMPLATE_ID,SIGHTING_ID,DET_FACE_X,DET_FACE_Y,DET_FACE_WIDTH,DET_FACE_HEIGHT,QUALITY
2490,img/53990.jpg,REF,62278,33622,378,267,765,955,100.0
2490,img/53130.jpg,PROBE,62277,33615,100,26,169,202,99.16965
2490,img/53997.jpg,PROBE,62280,33629,1271,357,590,756,92.28318900000001
2490,img/53998.jpg,PROBE,62281,33630,307,27,840,1010,91.427607
2490,img/53999.jpg,PROBE,62282,33631,463,480,296,348,91.113917
