SUBJECT_ID,ORIGINAL_FILE,TRIPLET_SET,TEMPLATE_ID,SIGHTING_ID,DET_FACE_X,DET_FACE_Y,DET_FACE_WIDTH,DET_FACE_HEIGHT,QUALITY
347,img/205.jpg,REF,38127,2700,959,126,432,582,99.965864
347,img/5052.jpg,PROBE,38141,8127,348,2066,372,482,99.947393
347,img/4003.jpg,PROBE,38140,8126,715,353,527,680,99.910206
347,img/45074.jpg,PROBE,38146,33030,1386,162,547,861,99.889648
347,img/4781.jpg,PROBE,38133,7909,2478,460,407,549,99.78863
347,img/45408.jpg,REF,38148,33115,617,563,331,447,99.71789100000001
347,img/45404.jpg,PROBE,38147,33109,1875,155,390,532,99.619615
347,img/4939.jpg,PROBE,38145,10918,2815,466,228,316,99.56888000000001
