SUBJECT_ID,ORIGINAL_FILE,TRIPLET_SET,TEMPLATE_ID,SIGHTING_ID,DET_FACE_X,DET_FACE_Y,DET_FACE_WIDTH,DET_FACE_HEIGHT,QUALITY
3269,img/69587.jpg,PROBE,64093,36525,102,125,535,680,100.0
3269,img/69590.jpg,REF,64095,36528,555,345,333,413,100.0
3269,img/69582.jpg,PROBE,64090,36520,410,460,545,697,99.974118
3269,img/69586.jpg,PROBE,64092,36524,205,148,622,845,97.488947
3269,img/69588.jpg,PROBE,64094,36526,56,58,189,217,93.78541
