SUBJECT_ID,ORIGINAL_FILE,TRIPLET_SET,TEMPLATE_ID,SIGHTING_ID,DET_FACE_X,DET_FACE_Y,DET_FACE_WIDTH,DET_FACE_HEIGHT,QUALITY
13438,img/121138.jpg,PROBE,89820,74753,243,69,166,218,100.0
13438,img/121007.jpg,REF,89822,75171,114,29,101,134,100.0
13438,img/119627.jpg,PROBE,89818,74464,342,112,338,466,96.62925600000001
13438,img/119805.jpg,PROBE,89808,73602,325,165,533,687,92.888513
13438,img/120635.jpg,PROBE,89813,74065,137,165,599,722,91.30248399999999
