SUBJECT_ID,ORIGINAL_FILE,TRIPLET_SET,TEMPLATE_ID,SIGHTING_ID,DET_FACE_X,DET_FACE_Y,DET_FACE_WIDTH,DET_FACE_HEIGHT,QUALITY
13213,img/119219.jpg,REF,84567,72996,413,159,668,757,100.0
13213,img/118695.jpg,PROBE,84556,72322,65,28,110,148,96.007102
13213,img/118809.jpg,PROBE,84563,72696,527,180,934,1290,95.665851
13213,img/119505.jpg,PROBE,84569,73198,555,265,170,221,91.276389
13213,img/118781.jpg,PROBE,84568,73088,201,229,302,365,90.344111
13213,img/118608.jpg,PROBE,84558,72545,2419,413,724,792,90.131838
