SUBJECT_ID,ORIGINAL_FILE,TRIPLET_SET,TEMPLATE_ID,SIGHTING_ID,DET_FACE_X,DET_FACE_Y,DET_FACE_WIDTH,DET_FACE_HEIGHT,QUALITY
2500,img/55333.jpg,REF,62719,33705,1177,240,309,430,97.135141
2500,img/55327.jpg,PROBE,62714,33699,127,45,244,330,95.694949
2500,img/55330.jpg,PROBE,62717,33702,133,94,185,245,94.794547
2500,img/55332.jpg,PROBE,62718,33704,71,60,306,400,93.464217
2500,img/55328.jpg,PROBE,62715,33700,529,305,711,994,90.24691700000001
