SUBJECT_ID,ORIGINAL_FILE,TRIPLET_SET,TEMPLATE_ID,SIGHTING_ID,DET_FACE_X,DET_FACE_Y,DET_FACE_WIDTH,DET_FACE_HEIGHT,QUALITY
25,img/5172.jpg,REF,30450,124,2281,1466,483,626,98.11511899999999
25,img/73495.jpg,PROBE,30465,37432,834,187,128,168,94.888062
25,img/73356.jpg,PROBE,30461,37408,1384,680,258,323,92.778876
25,img/3170.jpg,PROBE,30451,1534,2174,1185,454,547,90.833701
25,img/73431.jpg,PROBE,30463,37417,1216,1693,516,661,90.323551
