SUBJECT_ID,ORIGINAL_FILE,TRIPLET_SET,TEMPLATE_ID,SIGHTING_ID,DET_FACE_X,DET_FACE_Y,DET_FACE_WIDTH,DET_FACE_HEIGHT,QUALITY
12497,img/114169.jpg,PROBE,71526,66419,141,44,163,218,100.0
12497,img/113527.jpg,PROBE,71537,68125,133,16,140,183,100.0
12497,img/114163.jpg,REF,71532,67686,188,79,135,183,100.0
12497,img/113810.jpg,PROBE,71531,67456,140,61,131,169,100.0
12497,img/112995.jpg,PROBE,71534,67698,212,121,186,245,99.44478199999999
12497,img/113779.jpg,PROBE,71528,66545,116,35,130,177,97.66860799999999
