SUBJECT_ID,ORIGINAL_FILE,TRIPLET_SET,TEMPLATE_ID,SIGHTING_ID,DET_FACE_X,DET_FACE_Y,DET_FACE_WIDTH,DET_FACE_HEIGHT,QUALITY
2845,img/62387.jpg,REF,63626,35057,363,396,446,565,100.0
2845,img/62365.jpg,PROBE,63622,35051,144,129,398,497,100.0
2845,img/62368.jpg,PROBE,63624,35054,62,46,175,220,100.0
2845,img/62364.jpg,PROBE,63621,35050,1041,485,246,286,91.639501
2845,img/62386.jpg,PROBE,63625,35056,115,112,240,296,90.46417199999999
