SUBJECT_ID,ORIGINAL_FILE,TRIPLET_SET,TEMPLATE_ID,SIGHTING_ID,DET_FACE_X,DET_FACE_Y,DET_FACE_WIDTH,DET_FACE_HEIGHT,QUALITY
12479,img/113708.jpg,REF,70996,67876,209,126,204,272,100.0
12479,img/114205.jpg,PROBE,70991,66579,95,57,113,155,100.0
12479,img/112809.jpg,PROBE,70997,68068,228,131,113,163,100.0
12479,img/113879.jpg,PROBE,70990,66482,182,79,258,313,90.946525
12479,img/113600.jpg,PROBE,70995,67726,204,105,189,256,90.79626999999999
