SUBJECT_ID,ORIGINAL_FILE,TRIPLET_SET,TEMPLATE_ID,SIGHTING_ID,DET_FACE_X,DET_FACE_Y,DET_FACE_WIDTH,DET_FACE_HEIGHT,QUALITY
14031,img/143768.jpg,REF,96450,82084,513,42,357,477,100.0
14031,img/144073.jpg,PROBE,96448,82007,543,303,264,342,99.979489
14031,img/144247.jpg,PROBE,96440,81455,114,36,126,148,98.952816
14031,img/144331.jpg,PROBE,96451,82189,337,333,853,983,97.66860799999999
14031,img/144280.jpg,PROBE,96446,81807,303,7,357,416,90.07194100000001
