SUBJECT_ID,ORIGINAL_FILE,TRIPLET_SET,TEMPLATE_ID,SIGHTING_ID,DET_FACE_X,DET_FACE_Y,DET_FACE_WIDTH,DET_FACE_HEIGHT,QUALITY
28771,img/444536.jpg,REF,267180,121805,1849,736,1352,1868,99.09111999999999
28771,img/445334.jpg,PROBE,267181,122616,1573,1084,1298,1858,98.538108
28771,img/445384.jpg,PROBE,267182,122668,1031,1185,1836,2592,98.36245500000001
28771,img/440936.jpg,PROBE,267178,118146,2231,618,1539,2119,93.709227
