SUBJECT_ID,ORIGINAL_FILE,TRIPLET_SET,TEMPLATE_ID,SIGHTING_ID,DET_FACE_X,DET_FACE_Y,DET_FACE_WIDTH,DET_FACE_HEIGHT,QUALITY
28853,img/441670.jpg,REF,270513,118894,1339,308,814,1103,100.0
28853,img/446313.jpg,PROBE,270521,123615,474,294,359,476,100.0
28853,img/442789.jpg,PROBE,270515,120026,2674,1269,461,646,94.779224
28853,img/450519.jpg,PROBE,270525,127909,187,88,122,156,94.096651
28853,img/445331.jpg,PROBE,270518,122613,1293,487,165,167,93.67148900000001
