SUBJECT_ID,ORIGINAL_FILE,TRIPLET_SET,TEMPLATE_ID,SIGHTING_ID,DET_FACE_X,DET_FACE_Y,DET_FACE_WIDTH,DET_FACE_HEIGHT,QUALITY
42,img/2669.jpg,REF,30895,412,667,458,941,1248,100.0
42,img/4603.jpg,PROBE,30894,411,132,68,192,212,100.0
42,img/537.jpg,PROBE,30904,8815,2162,348,335,471,96.692996
42,img/71475.jpg,PROBE,30905,37073,1082,661,361,433,94.640367
42,img/3121.jpg,PROBE,30896,454,1921,448,212,275,92.215164
42,img/2084.jpg,PROBE,30897,479,283,89,139,175,91.696816
